{

    "metadata" :
    {
        "formatVersion" : 3.1,
        "sourceFile"    : "avatar.obj",
        "generatedBy"   : "OBJConverter",
        "vertices"      : 67,
        "faces"         : 53,
        "normals"       : 38,
        "colors"        : 0,
        "uvs"           : 79,
        "materials"     : 1
    },

    "scale" : 1.000000,

    "materials": [	{
	"DbgColor" : 15658734,
	"DbgIndex" : 0,
	"DbgName" : "Material__46",
	"colorAmbient" : [0.0, 0.9882, 1.0],
	"colorDiffuse" : [0.0, 0.9882, 1.0],
	"colorSpecular" : [0.0, 0.0, 0.0],
	"illumination" : 2,
	"opticalDensity" : 1.5,
	"specularCoef" : 10.0,
	"transparency" : 0.75
	}],

    "vertices": [1.532800,9.563000,-8.996700,0.000000,9.563000,-8.996700,0.000000,16.312500,-3.554000,1.339300,16.312500,-3.554000,0.000000,-5.046600,3.713800,4.299700,-5.046600,3.713800,12.921400,-16.645000,-11.817400,0.000000,-16.645000,-11.817400,-1.532800,9.563000,-8.996700,-1.339300,16.312500,-3.554000,-4.299700,-5.046600,3.713800,-12.921400,-16.645000,-11.817400,5.085200,13.250200,-9.813400,0.532700,19.571100,-12.036900,-5.085200,13.250200,-9.813400,-7.548100,7.997400,-17.475000,7.548100,7.997400,-17.475000,-9.252300,-5.083300,-21.014000,9.252300,-5.083300,-21.014000,-15.903200,-15.315300,-30.545200,15.903200,-15.315300,-30.545200,-0.000000,31.025200,-9.235300,-0.000000,23.815400,-12.337700,-6.350000,26.461600,-8.558600,-3.924500,30.743300,-2.443700,3.924500,30.743300,-2.443700,6.350000,26.461600,-8.558600,3.924500,19.077500,-7.463600,-3.924500,19.077500,-7.463600,-6.350000,23.359100,-1.348700,0.000000,26.005400,2.430500,6.350000,23.359100,-1.348700,-4.830200,15.149500,-1.837100,-6.941600,16.406100,-2.023500,-6.135100,15.227100,-3.707100,0.000000,18.795500,-0.672000,4.830200,15.149500,-1.837100,6.135100,15.227100,-3.707100,6.941600,16.406100,-2.023500,-0.776000,-21.389200,-3.505800,0.000000,-21.389200,-3.416300,0.776000,-21.389200,-3.505800,-1.488700,-21.389200,-3.760800,-3.297200,-21.389200,-6.027000,-3.042200,-21.389200,-5.314300,-2.642200,-21.389200,-4.685500,-3.386700,-21.389200,-6.803000,-3.297200,-21.389200,-7.579000,-3.042200,-21.389200,-8.291700,-2.642200,-21.389200,-8.920500,-2.117500,-21.389200,-9.445200,-1.488700,-21.389200,-9.845200,-0.776000,-21.389200,-10.100200,0.000000,-21.389200,-10.189700,0.776000,-21.389200,-10.100200,1.488700,-21.389200,-9.845200,2.117500,-21.389200,-9.445200,2.642200,-21.389200,-8.920500,3.042200,-21.389200,-8.291700,3.297200,-21.389200,-7.579000,3.386700,-21.389200,-6.803000,3.297200,-21.389200,-6.027000,3.042200,-21.389200,-5.314300,2.642200,-21.389200,-4.685500,2.117500,-21.389200,-4.160800,-2.117500,-21.389200,-4.160800,1.488700,-21.389200,-3.760800],

    "morphTargets": [],

    "morphColors": [],

    "normals": [0,0.8833,-0.4687,0,0.2553,0.9669,0.696,0.7106,-0.1032,0.867,0.4501,-0.2135,0.7579,0.6374,-0.139,0.5986,0.7993,-0.052,0,0.7041,-0.7101,0,-0.9137,0.4065,-0.696,0.7106,-0.1032,-0.5986,0.7993,-0.052,-0.7579,0.6374,-0.139,-0.867,0.4501,-0.2135,0,0.2977,0.9546,0,-0.9177,0.3973,-0,-0.7859,0.6184,0,-0.8931,0.4498,-0,0.9036,-0.4285,-0,-0.219,-0.9757,-0.8851,0.1417,-0.4433,-0.4321,0.869,0.2409,0.4321,0.869,0.2409,0.8851,0.1417,-0.4433,0.4688,-0.8066,-0.3599,-0.4688,-0.8066,-0.3599,-0.8918,0.3315,0.3079,0,0.219,0.9757,0.8918,0.3315,0.3079,-0.1343,-0.9288,0.3454,0,-0.8804,0.4743,0.1343,-0.9288,0.3454,-0.6141,0.6099,-0.5008,0.2484,-0.965,0.0839,-0.0795,-0.6893,0.7201,0.6141,0.6099,-0.5008,0.0795,-0.6893,0.7201,-0.2484,-0.965,0.0839,0,0.9651,-0.262,-0,0.9651,-0.262],

    "colors": [],

    "uvs": [[0.3523,0.6776,0.4186,0.6776,0.4211,0.3644,0.3523,0.3644,0.7068,0.5864,0.5899,0.5864,0.6499,0.2968,0.8516,0.2968,0.7039,0.5864,0.2903,0.5864,0.1435,0.2968,0.8467,0.2968,0.2932,0.5864,0.1484,0.2968,0.4683,0.2968,0.4058,0.5864,0.5446,0.7872,0.7331,0.7872,0.7331,0.2547,0.6142,0.2547,23.455,71.736,0.2455,100.02,-28.396,71.736,-40.953,43.625,36.012,43.625,-49.642,-18.853,44.701,-18.853,-83.55,-71,78.609,-71,0.6,1,0.5,0.6476,0.7,0.6476,0.8,1,0.9,0.6476,0,1,-0.1,0.6476,0.1,0.6476,0.2,1,0.3,0.6476,0.4,1,0.4,0.3524,0.6,0.3524,0.8,0.3524,-0.2,0.3524,0,0.3524,0.2,0.3524,0.7,0,-0.1,0,0.1,0,0.3,0,0.5,0,-5.6378,-23.954,0,-24.605,5.6378,-23.954,-10.815,-22.102,-23.954,-5.6378,-22.102,-10.815,-19.196,-15.384,-24.605,-0,-23.954,5.6378,-22.102,10.815,-19.196,15.384,-15.384,19.196,-10.815,22.102,-5.6378,23.954,-0,24.605,5.6378,23.954,10.815,22.102,15.384,19.196,19.196,15.384,22.102,10.815,23.954,5.6378,24.605,0,23.954,-5.6378,22.102,-10.815,19.196,-15.384,15.384,-19.196,-15.384,-19.196,10.815,-22.102]],

    "faces": [43,0,1,2,3,0,0,1,2,3,0,0,0,0,43,3,2,4,5,0,4,5,6,7,1,1,1,1,43,0,3,5,6,0,8,9,10,11,2,3,4,5,43,0,6,7,1,0,12,13,14,15,6,6,6,6,43,7,6,5,4,0,16,17,18,19,7,7,7,7,43,8,9,2,1,0,0,3,2,1,0,0,0,0,43,9,10,4,2,0,4,7,6,5,1,1,1,1,43,8,11,10,9,0,8,11,10,9,8,9,10,11,43,8,1,7,11,0,12,15,14,13,6,6,6,6,43,7,4,10,11,0,16,19,18,17,7,7,7,7,42,12,13,14,0,20,21,22,12,12,12,43,12,14,15,16,0,20,22,23,24,13,13,13,13,43,16,15,17,18,0,24,23,25,26,14,14,14,14,43,18,17,19,20,0,26,25,27,28,15,15,15,15,42,21,22,23,0,29,30,31,16,17,18,42,21,23,24,0,32,31,33,16,18,19,42,21,24,25,0,34,35,36,16,19,20,42,21,25,26,0,37,36,38,16,20,21,42,21,26,22,0,39,38,30,16,21,17,42,22,27,28,0,30,40,41,17,22,23,42,23,28,29,0,31,41,42,18,23,24,42,24,29,30,0,35,43,44,19,24,25,42,25,30,31,0,36,44,45,20,25,26,42,26,31,27,0,38,45,40,21,26,22,42,28,23,22,0,41,31,30,23,18,17,42,29,24,23,0,42,33,31,24,19,18,42,30,25,24,0,44,36,35,25,20,19,42,31,26,25,0,45,38,36,26,21,20,42,27,22,26,0,40,30,38,22,17,21,42,32,33,34,0,46,42,41,27,27,27,42,35,30,29,0,47,44,43,28,25,24,42,35,31,30,0,48,45,44,28,26,25,42,36,37,38,0,49,40,45,29,29,29,42,35,28,27,0,50,41,40,28,23,22,43,29,28,34,33,0,42,41,41,42,30,30,30,30,43,28,35,32,34,0,41,50,46,41,31,31,31,31,43,35,29,33,32,0,47,43,42,46,32,32,32,32,43,27,31,38,37,0,40,45,45,40,33,33,33,33,43,31,35,36,38,0,45,48,49,45,34,34,34,34,43,35,27,37,36,0,50,40,40,49,35,35,35,35,43,39,40,41,42,0,51,52,53,54,36,36,36,36,43,43,44,45,46,0,55,56,57,58,37,36,36,37,43,47,46,45,48,0,59,58,57,60,36,37,36,37,43,49,48,45,50,0,61,60,57,62,37,37,36,36,43,51,50,45,52,0,63,62,57,64,37,36,36,37,43,53,52,45,54,0,65,64,57,66,37,37,36,37,43,55,54,45,56,0,67,66,57,68,37,37,36,37,43,57,56,45,58,0,69,68,57,70,36,37,36,37,43,59,58,45,60,0,71,70,57,72,37,37,36,37,43,61,60,45,62,0,73,72,57,74,36,37,36,37,43,63,62,45,64,0,75,74,57,76,36,37,36,36,43,64,45,65,42,0,76,57,77,54,36,36,36,36,43,66,64,42,41,0,78,76,54,53,36,36,36,36]

}
