{

    "metadata" :
    {
        "formatVersion" : 3.1,
        "sourceFile"    : "me_avatar_fox_head.obj",
        "generatedBy"   : "OBJConverter",
        "vertices"      : 18,
        "faces"         : 26,
        "normals"       : 20,
        "colors"        : 0,
        "uvs"           : 38,
        "materials"     : 1
    },

    "scale" : 1.000000,

    "materials": [	{
	"DbgColor" : 15658734,
	"DbgIndex" : 0,
	"DbgName" : "Material__54",
	"colorAmbient" : [0.0, 0.9882, 1.0],
	"colorDiffuse" : [0.0, 0.9882, 1.0],
	"colorSpecular" : [0.36, 0.36, 0.36],
	"illumination" : 2,
	"mapAmbient" : "meavatar_fox_head.png",
	"mapDiffuse" : "meavatar_fox_head.png",
	"opticalDensity" : 1.5,
	"specularCoef" : 35.0,
	"transparency" : 0.3
	}],

    "vertices": [0.000000,5.587600,-0.320800,0.000000,7.762500,-1.147000,1.790200,6.314000,-0.120500,0.893000,4.677100,2.217200,-0.893000,4.677100,2.217200,-1.790200,6.314000,-0.120500,-1.500400,9.136900,0.298100,1.500400,9.136900,0.298100,2.427600,7.500000,2.635800,0.000000,6.488400,4.080600,-2.427600,7.500000,2.635800,2.003100,10.577500,0.421300,2.520100,10.269800,0.375700,2.322600,10.558500,-0.036600,0.000000,9.244700,2.894600,-2.003100,10.577500,0.421300,-2.322600,10.558500,-0.036600,-2.520100,10.269800,0.375700],

    "morphTargets": [],

    "morphColors": [],

    "normals": [0,-0.7071,-0.7071,0,0.1835,-0.983,0.7424,-0.3507,-0.5708,0.4355,-0.8742,0.2147,-0.4355,-0.8742,0.2147,-0.7424,-0.3507,-0.5708,-0.516,0.6505,-0.5574,0.516,0.6505,-0.5574,0.902,-0.1103,0.4175,0,-0.1784,0.984,-0.902,-0.1103,0.4175,0.5053,0.8017,0.3193,0,0.72,0.694,-0.5053,0.8017,0.3193,0.6113,-0.5088,-0.6062,-0.8068,0.3238,-0.4942,0.4611,0.5593,0.6889,-0.6113,-0.5088,-0.6062,-0.4611,0.5593,0.6889,0.8068,0.3238,-0.4942],

    "colors": [],

    "uvs": [[0.7289,0.6415,0.7278,0.7624,0.5882,0.7191,0.6937,0.6007,0.5796,0.607,0.6412,0.4421,0.7463,0.4421,0.8078,0.607,0.8681,0.7217,0.8137,0.8788,0.6398,0.8772,0.468,0.8501,0.3089,0.4578,0.3997,0.6499,0.2445,0.5952,0.1802,0.4578,0.0893,0.6498,0.9859,0.8549,0.4539,0.4775,0.9336,0.4775,0.4143,0.8801,0.4447,0.8608,0.445,0.8931,0.2445,0.7594,0.0748,0.8801,0.044,0.8931,0.0443,0.8608,0.2331,0.8141,0.3213,0.9669,0.1448,0.9669,0.6712,0.9691,0.6401,0.9657,0.4191,0.9546,0.4019,0.9267,0.7805,0.9701,0.8118,0.9672,0.047,0.9546,0.0642,0.9267]],

    "faces": [42,0,1,2,0,0,1,2,0,1,2,42,0,2,3,0,3,4,5,0,2,3,42,0,3,4,0,3,5,6,0,3,4,42,0,4,5,0,3,6,7,0,4,5,42,0,5,1,0,0,8,1,0,5,1,42,1,6,7,0,1,9,10,1,6,7,42,2,7,8,0,2,10,11,2,7,8,42,3,8,9,0,12,13,14,3,8,9,42,4,9,10,0,15,14,16,4,9,10,42,5,10,6,0,8,17,9,5,10,6,42,7,2,1,0,10,2,1,7,2,1,42,8,3,2,0,18,5,4,8,3,2,42,9,4,3,0,14,15,12,9,4,3,42,10,5,4,0,19,7,6,10,5,4,42,6,1,5,0,9,1,8,6,1,5,42,11,12,13,0,20,21,22,11,11,11,42,14,9,8,0,23,14,13,12,9,8,42,14,10,9,0,23,16,14,12,10,9,42,15,16,17,0,24,25,26,13,13,13,42,14,7,6,0,27,28,29,12,7,6,43,8,7,13,12,0,11,10,30,31,14,14,14,14,43,13,7,14,11,0,32,28,27,33,15,15,15,15,43,11,14,8,12,0,20,23,13,21,16,16,16,16,43,16,6,10,17,0,34,9,17,35,17,17,17,17,43,14,15,17,10,0,23,24,26,16,18,18,18,18,43,14,6,16,15,0,27,29,36,37,19,19,19,19]

}
