{

    "metadata" :
    {
        "formatVersion" : 3.1,
        "sourceFile"    : "me_avatar_fox_aura.obj",
        "generatedBy"   : "OBJConverter",
        "vertices"      : 28,
        "faces"         : 13,
        "normals"       : 1,
        "colors"        : 0,
        "uvs"           : 28,
        "materials"     : 1
    },

    "scale" : 1.000000,

    "materials": [	{
	"DbgColor" : 15658734,
	"DbgIndex" : 0,
	"DbgName" : "Material__48",
	"colorAmbient" : [0.0, 0.9882, 1.0],
	"colorDiffuse" : [0.0, 0.9882, 1.0],
	"colorSpecular" : [0.0, 0.0, 0.0],
	"illumination" : 2,
	"mapAlpha" : "meavatar_fox_aura2alpha.png",
	"mapAmbient" : "meavatar_fox_aura3.png",
	"mapDiffuse" : "meavatar_fox_aura3.png",
	"opticalDensity" : 1.5,
	"specularCoef" : 0.0,
	"transparency" : 0.0
	}],

    "vertices": [0.000000,-9.338000,13.319900,3.052000,-9.338000,12.967800,-5.854800,-9.338000,11.964900,-3.052000,-9.338000,12.967800,-12.967800,-9.338000,3.052000,-11.964900,-9.338000,5.854900,-10.391600,-9.338000,8.328100,-13.319900,-9.338000,-0.000000,-11.964900,-9.338000,-5.854800,-12.967800,-9.338000,-3.052000,-8.328100,-9.338000,-10.391600,-10.391600,-9.338000,-8.328100,-3.052000,-9.338000,-12.967800,-5.854800,-9.338000,-11.964900,3.052000,-9.338000,-12.967800,0.000000,-9.338000,-13.319900,8.328100,-9.338000,-10.391600,5.854900,-9.338000,-11.964900,11.964900,-9.338000,-5.854900,10.391600,-9.338000,-8.328100,13.319900,-9.338000,-0.000000,12.967800,-9.338000,-3.052000,11.964900,-9.338000,5.854900,12.967800,-9.338000,3.052000,8.328100,-9.338000,10.391600,10.391600,-9.338000,8.328100,-8.328100,-9.338000,10.391600,5.854900,-9.338000,11.964900],

    "morphTargets": [],

    "morphColors": [],

    "normals": [0,1,-0],

    "colors": [],

    "uvs": [[0.5,0,0.6146,0.0132,0.2802,0.0509,0.3854,0.0132,0.0132,0.3854,0.0509,0.2802,0.1099,0.1874,-0,0.5,0.0509,0.7198,0.0132,0.6146,0.1874,0.8901,0.1099,0.8126,0.3854,0.9868,0.2802,0.9491,0.6146,0.9868,0.5,1,0.8126,0.8901,0.7198,0.9491,0.9491,0.7198,0.8901,0.8126,1,0.5,0.9868,0.6146,0.9491,0.2802,0.9868,0.3854,0.8126,0.1099,0.8901,0.1874,0.1874,0.1099,0.7198,0.0509]],

    "faces": [43,0,1,2,3,0,0,1,2,3,0,0,0,0,43,4,5,6,7,0,4,5,6,7,0,0,0,0,43,7,6,8,9,0,7,6,8,9,0,0,0,0,43,8,6,10,11,0,8,6,10,11,0,0,0,0,43,10,6,12,13,0,10,6,12,13,0,0,0,0,43,12,6,14,15,0,12,6,14,15,0,0,0,0,43,14,6,16,17,0,14,6,16,17,0,0,0,0,43,16,6,18,19,0,16,6,18,19,0,0,0,0,43,18,6,20,21,0,18,6,20,21,0,0,0,0,43,20,6,22,23,0,20,6,22,23,0,0,0,0,43,22,6,24,25,0,22,6,24,25,0,0,0,0,43,6,26,2,24,0,6,26,2,24,0,0,0,0,43,24,2,1,27,0,24,2,1,27,0,0,0,0]

}
