{

    "metadata" :
    {
        "formatVersion" : 3.1,
        "sourceFile"    : "me_avatar_fox_body.obj",
        "generatedBy"   : "OBJConverter",
        "vertices"      : 12,
        "faces"         : 10,
        "normals"       : 12,
        "colors"        : 0,
        "uvs"           : 24,
        "materials"     : 1
    },

    "scale" : 1.000000,

    "materials": [	{
	"DbgColor" : 15658734,
	"DbgIndex" : 0,
	"DbgName" : "Material__53",
	"colorAmbient" : [0.0, 0.9882, 1.0],
	"colorDiffuse" : [0.0, 0.9882, 1.0],
	"colorSpecular" : [0.468, 0.468, 0.468],
	"illumination" : 2,
	"mapAmbient" : "meavatar_fox_body.png",
	"mapDiffuse" : "meavatar_fox_body.png",
	"opticalDensity" : 1.5,
	"specularCoef" : 36.0,
	"transparency" : 0.2
	}],

    "vertices": [0.000000,2.495100,-1.360900,0.000000,5.075500,0.719900,0.512000,5.075500,0.719900,0.586000,2.495100,-1.360900,0.000000,-3.090200,3.498400,1.643800,-3.090200,3.498400,4.939900,-7.524300,-2.439300,0.000000,-7.524300,-2.439300,-0.512000,5.075500,0.719900,-0.586000,2.495100,-1.360900,-1.643800,-3.090200,3.498400,-4.939900,-7.524300,-2.439300],

    "morphTargets": [],

    "morphColors": [],

    "normals": [0,0.6277,-0.7784,0,0.3221,0.9467,0.902,0.3676,0.2262,0.9811,0.1934,0.0087,0.9899,0.1049,-0.0949,0.9328,0.3203,0.1651,0,0.107,-0.9943,0,-0.8012,0.5983,-0.902,0.3676,0.2262,-0.9328,0.3203,0.1651,-0.9899,0.1049,-0.0949,-0.9811,0.1934,0.0087],

    "colors": [],

    "uvs": [[0.7338,0.4338,0.7338,0.5429,0.7121,0.5429,0.709,0.4338,0.4353,0.9904,0.4134,0.9904,0.4134,0.6223,0.4836,0.6223,0.8182,0.5447,0.5587,0.9325,0.4356,0.9881,0.5249,0.0102,0.7338,0.0102,0.6242,0.3061,0.4134,0.3061,0.7554,0.5429,0.7586,0.4338,0.3916,0.9904,0.3433,0.6223,0.0086,0.5447,0.3913,0.9881,0.2681,0.9325,0.9426,0.0102,0.2026,0.3061]],

    "faces": [43,0,1,2,3,0,0,1,2,3,0,0,0,0,43,2,1,4,5,0,4,5,6,7,1,1,1,1,43,6,3,2,5,0,8,9,10,7,2,3,4,5,43,6,7,0,3,0,11,12,0,3,6,6,6,6,43,6,5,4,7,0,13,7,6,14,7,7,7,7,43,8,1,0,9,0,15,1,0,16,0,0,0,0,43,4,1,8,10,0,6,5,17,18,1,1,1,1,43,11,10,8,9,0,19,18,20,21,8,9,10,11,43,9,0,7,11,0,16,0,12,22,6,6,6,6,43,11,7,4,10,0,23,14,6,18,7,7,7,7]

}
