{

    "metadata" :
    {
        "formatVersion" : 3.1,
        "sourceFile"    : "meavatar_fox.obj",
        "generatedBy"   : "OBJConverter",
        "vertices"      : 67,
        "faces"         : 53,
        "normals"       : 40,
        "colors"        : 0,
        "uvs"           : 99,
        "materials"     : 4
    },

    "scale" : 1.000000,

    "materials": [	{
	"DbgColor" : 15658734,
	"DbgIndex" : 0,
	"DbgName" : "Material__48",
	"colorAmbient" : [0.0, 0.9882, 1.0],
	"colorDiffuse" : [0.0, 0.9882, 1.0],
	"colorSpecular" : [0.0, 0.0, 0.0],
	"illumination" : 2,
	"mapAlpha" : "meavatar_fox_aura2.psd",
	"mapAmbient" : "meavatar_fox_aura2.psd",
	"mapDiffuse" : "meavatar_fox_aura2.psd",
	"opticalDensity" : 1.5,
	"specularCoef" : 0.0,
	"transparency" : 0.0
	},

	{
	"DbgColor" : 15597568,
	"DbgIndex" : 1,
	"DbgName" : "Material__52",
	"colorAmbient" : [0.0, 0.9882, 1.0],
	"colorDiffuse" : [0.0, 0.9882, 1.0],
	"colorSpecular" : [0.0, 0.0, 0.0],
	"illumination" : 2,
	"mapAlpha" : "meavatar_fox_cape2.psd",
	"mapAmbient" : "meavatar_fox_cape2.psd",
	"mapDiffuse" : "meavatar_fox_cape2.psd",
	"opticalDensity" : 1.5,
	"specularCoef" : 0.0,
	"transparency" : 0.0
	},

	{
	"DbgColor" : 60928,
	"DbgIndex" : 2,
	"DbgName" : "Material__54",
	"colorAmbient" : [0.0, 0.9882, 1.0],
	"colorDiffuse" : [0.0, 0.9882, 1.0],
	"colorSpecular" : [0.36, 0.36, 0.36],
	"illumination" : 2,
	"mapAmbient" : "meavatar_fox_head.png",
	"mapDiffuse" : "meavatar_fox_head.png",
	"opticalDensity" : 1.5,
	"specularCoef" : 35.0,
	"transparency" : 0.3
	},

	{
	"DbgColor" : 238,
	"DbgIndex" : 3,
	"DbgName" : "Material__53",
	"colorAmbient" : [0.0, 0.9882, 1.0],
	"colorDiffuse" : [0.0, 0.9882, 1.0],
	"colorSpecular" : [0.468, 0.468, 0.468],
	"illumination" : 2,
	"mapAmbient" : "meavatar_fox_body.png",
	"mapDiffuse" : "meavatar_fox_body.png",
	"opticalDensity" : 1.5,
	"specularCoef" : 36.0,
	"transparency" : 0.2
	}],

    "vertices": [-3.052000,0.686100,12.967800,0.000000,0.686100,13.319900,3.052000,0.686100,12.967800,-5.854800,0.686100,11.964900,-12.967800,0.686100,3.052000,-11.964900,0.686100,5.854900,-10.391600,0.686100,8.328100,-13.319900,0.686100,0.000000,-12.967800,0.686100,-3.052000,-11.964900,0.686100,-5.854800,-10.391600,0.686100,-8.328100,-8.328100,0.686100,-10.391600,-5.854800,0.686100,-11.964900,-3.052000,0.686100,-12.967800,0.000000,0.686100,-13.319900,3.052000,0.686100,-12.967800,5.854900,0.686100,-11.964900,8.328100,0.686100,-10.391600,10.391600,0.686100,-8.328100,11.964900,0.686100,-5.854900,12.967800,0.686100,-3.052000,13.319900,0.686100,0.000000,12.967800,0.686100,3.052000,11.964900,0.686100,5.854900,10.391600,0.686100,8.328100,8.328100,0.686100,10.391600,-8.328100,0.686100,10.391600,5.854900,0.686100,11.964900,1.944100,13.928900,-1.673100,-1.944100,13.928900,-1.673100,0.203700,16.345400,-2.523200,2.885700,11.920700,-4.602200,-2.885600,11.920700,-4.602200,3.537200,6.919900,-5.955100,-3.537200,6.919900,-5.955100,6.079900,3.008200,-9.598900,-6.079800,3.008200,-9.598900,0.000000,15.611700,-0.320800,0.000000,17.786600,-1.147000,1.790200,16.338100,-0.120500,0.893000,14.701200,2.217200,-0.893000,14.701200,2.217200,-1.790200,16.338100,-0.120500,-1.500400,19.161000,0.298100,1.500400,19.161000,0.298100,2.427600,17.524100,2.635800,0.000000,16.512500,4.080600,-2.427600,17.524100,2.635800,2.003100,20.601600,0.421300,2.520100,20.293900,0.375700,2.322600,20.582600,-0.036600,0.000000,19.268800,2.894600,-2.003100,20.601600,0.421300,-2.322600,20.582600,-0.036600,-2.520100,20.293900,0.375700,0.586000,12.519200,-1.360900,0.000000,12.519200,-1.360900,0.000000,15.099600,0.719900,0.512000,15.099600,0.719900,0.000000,6.933900,3.498400,1.643800,6.933900,3.498400,4.939900,2.499800,-2.439300,0.000000,2.499800,-2.439300,-0.586000,12.519200,-1.360900,-0.512000,15.099600,0.719900,-1.643800,6.933900,3.498400,-4.939900,2.499800,-2.439300],

    "morphTargets": [],

    "morphColors": [],

    "normals": [0,1,-0,0,1,0,-0,1,0,-0,1,-0,0,-0.3318,-0.9433,0,0.8248,-0.5655,0,0.2612,-0.9653,-0,0.6816,-0.7317,0,-0.7071,-0.7071,0,0.1835,-0.983,0.7424,-0.3507,-0.5708,0.4355,-0.8742,0.2147,-0.4355,-0.8742,0.2147,-0.7424,-0.3507,-0.5708,-0.516,0.6505,-0.5574,0.516,0.6505,-0.5574,0.902,-0.1103,0.4175,-0,-0.1784,0.984,-0.902,-0.1103,0.4175,0.5053,0.8017,0.3193,-0,0.72,0.694,-0.5053,0.8017,0.3193,0.6113,-0.5088,-0.6062,-0.8068,0.3238,-0.4942,0.4611,0.5593,0.6889,-0.6113,-0.5088,-0.6062,-0.4611,0.5593,0.6889,0.8068,0.3238,-0.4942,0,0.6277,-0.7784,0,0.3221,0.9467,0.9811,0.1934,0.0087,0.9899,0.1049,-0.0949,0.9328,0.3203,0.1651,0.902,0.3676,0.2262,0,0.107,-0.9943,0,-0.8012,0.5983,-0.9811,0.1934,0.0087,-0.902,0.3676,0.2262,-0.9328,0.3203,0.1651,-0.9899,0.1049,-0.0949],

    "colors": [],

    "uvs": [[0.3854,0.0132,0.5,0,0.6146,0.0132,0.2802,0.0509,0.0132,0.3854,0.0509,0.2802,0.1099,0.1874,-0,0.5,0.0132,0.6146,0.0509,0.7198,0.1099,0.8126,0.1874,0.8901,0.2802,0.9491,0.3854,0.9868,0.5,1,0.6146,0.9868,0.7198,0.9491,0.8126,0.8901,0.8901,0.8126,0.9491,0.7198,0.9868,0.6146,1,0.5,0.9868,0.3854,0.9491,0.2802,0.8901,0.1874,0.8126,0.1099,0.1874,0.1099,0.7198,0.0509,0.3638,0.8026,0.6408,0.8026,0.4878,0.9748,0.2966,0.6594,0.7079,0.6594,0.2502,0.3031,0.7544,0.3031,0.069,0.0243,0.9356,0.0243,0.7289,0.6415,0.7278,0.7624,0.5882,0.7191,0.6937,0.6007,0.5796,0.607,0.6412,0.4421,0.7463,0.4421,0.8078,0.607,0.8681,0.7217,0.8137,0.8788,0.6398,0.8772,0.468,0.8501,0.3089,0.4578,0.3997,0.6499,0.2445,0.5952,0.1802,0.4578,0.0893,0.6498,0.9859,0.8549,0.4539,0.4775,0.9336,0.4775,0.4143,0.8801,0.4447,0.8608,0.445,0.8931,0.2445,0.7594,0.0748,0.8801,0.044,0.8931,0.0443,0.8608,0.2331,0.8141,0.3213,0.9669,0.1448,0.9669,0.6712,0.9691,0.6401,0.9657,0.4019,0.9267,0.4191,0.9546,0.8118,0.9672,0.7805,0.9701,0.047,0.9546,0.0642,0.9267,0.709,0.4338,0.7338,0.4338,0.7338,0.5429,0.7121,0.5429,0.4353,0.9904,0.4134,0.9904,0.4134,0.6223,0.4836,0.6223,0.5587,0.9325,0.4356,0.9881,0.8182,0.5447,0.5249,0.0102,0.7338,0.0102,0.4134,0.3061,0.6242,0.3061,0.7586,0.4338,0.7554,0.5429,0.3916,0.9904,0.3433,0.6223,0.2681,0.9325,0.0086,0.5447,0.3913,0.9881,0.9426,0.0102,0.2026,0.3061]],

    "faces": [43,0,1,2,3,0,0,1,2,3,0,1,0,2,43,4,5,6,7,0,4,5,6,7,0,0,1,2,43,8,7,6,9,0,8,7,6,9,1,2,1,1,43,10,9,6,11,0,10,9,6,11,1,1,1,2,43,12,11,6,13,0,12,11,6,13,2,2,1,1,43,14,13,6,15,0,14,13,6,15,2,1,1,2,43,16,15,6,17,0,16,15,6,17,1,2,1,1,43,18,17,6,19,0,18,17,6,19,2,1,1,2,43,20,19,6,21,0,20,19,6,21,2,2,1,2,43,22,21,6,23,0,22,21,6,23,1,2,1,2,43,24,23,6,25,0,24,23,6,25,1,2,1,3,43,25,6,26,3,0,25,6,26,3,3,1,2,2,43,27,25,3,2,0,27,25,3,2,2,3,2,0,42,28,29,30,1,28,29,30,4,4,4,43,28,31,32,29,1,28,31,32,29,5,5,5,5,43,31,33,34,32,1,31,33,34,32,6,6,6,6,43,33,35,36,34,1,33,35,36,34,7,7,7,7,42,37,38,39,2,37,38,39,8,9,10,42,37,39,40,2,40,41,42,8,10,11,42,37,40,41,2,40,42,43,8,11,12,42,37,41,42,2,40,43,44,8,12,13,42,37,42,38,2,37,45,38,8,13,9,42,38,43,44,2,38,46,47,9,14,15,42,39,44,45,2,39,47,48,10,15,16,42,40,45,46,2,49,50,51,11,16,17,42,41,46,47,2,52,51,53,12,17,18,42,42,47,43,2,45,54,46,13,18,14,42,44,39,38,2,47,39,38,15,10,9,42,45,40,39,2,55,42,41,16,11,10,42,46,41,40,2,51,52,49,17,12,11,42,47,42,41,2,56,44,43,18,13,12,42,43,38,42,2,46,38,45,14,9,13,42,48,49,50,2,57,58,59,19,19,19,42,51,46,45,2,60,51,50,20,17,16,42,51,47,46,2,60,53,51,20,18,17,42,52,53,54,2,61,62,63,21,21,21,42,51,44,43,2,64,65,66,20,15,14,43,45,44,50,49,2,48,47,67,68,22,22,22,22,43,44,51,48,50,2,65,64,69,70,23,23,23,23,43,51,45,49,48,2,60,50,58,57,24,24,24,24,43,43,47,54,53,2,46,54,71,72,25,25,25,25,43,47,51,52,54,2,53,60,61,63,26,26,26,26,43,51,43,53,52,2,64,66,73,74,27,27,27,27,43,55,56,57,58,3,75,76,77,78,28,28,28,28,43,58,57,59,60,3,79,80,81,82,29,29,29,29,43,55,58,60,61,3,83,84,82,85,30,31,32,33,43,55,61,62,56,3,75,86,87,76,34,34,34,34,43,62,61,60,59,3,88,89,82,81,35,35,35,35,43,63,64,57,56,3,90,91,77,76,28,28,28,28,43,64,65,59,57,3,92,93,81,80,29,29,29,29,43,63,66,65,64,3,94,95,93,96,36,37,38,39,43,63,56,62,66,3,90,76,87,97,34,34,34,34,43,62,59,65,66,3,88,81,93,98,35,35,35,35]

}
